[
    {
        "name":"环境监控",
        "key":"environment",
        "visible":1,
        "devices":[
            {"name":"温湿度","key":"temperatureAndHumidity","visible":1},
            {"name":"二氧化碳","key":"carbonDioxide","visible":1},
            {"name":"土壤水分温度","key":"soilmoisture","visible":1},
            {"name":"风速风向传感器","key":"wind","visible":1},
            {"name":"室外温度变送器","key":"outdoor","visible":1},
            {"name":"光照强度","key":"lighte","visible":1},
            {"name":"酸碱仪","key":"phmeter","visible":1},
            {"name":"非定位漏水","key":"unlocatedLeakage","visible":1},
            {"name":"定位漏水","key":"locatingLeakage","visible":1},
            {"name":"点式漏水","key":"pointLeakage","visible":1},
            {"name":"分体空调","key":"fissionAirCondition","visible":1},
            {"name":"精密空调","key":"precisionAirCondition","visible":1},
            {"name":"新风机","key":"newVentilator","visible":1},
            {"name":"灯光照明","key":"light","visible":1},
            {"name":"防雷","key":"antiThunder","visible":1},
            {"name":"有毒气体","key":"poisonousGas","visible":1},
            {"name":"浑浊度","key":"turbidity","visible":1},
            {"name":"酸碱仪","key":"phmeter","visible":1},
            {"name":"水温","key":"waterTemp","visible":1},
            {"name":"余氯","key":"residualChlor","visible":1},
            {"name":"视频监控","key":"video","visible":1}
        ]
    },
    {
        "name":"系统监控",
        "key":"system",
        "visible":1,
        "devices":[
            {"name":"日志管理","key":"journal","visible":1},
            {"name":"设备管理","key":"device","visible":1},
            {"name":"用户管理","key":"administrator","visible":1},
            {"name":"资产管理","key":"property","visible":1},
            {"name":"服务器","key":"server","visible":1}
        ]
    }
]
