[{
        "name": "环境监控",
        "key": "environment",
        "visible": 1,
        "devices": [
            { "name": "温湿度", "key": "temperatureAndHumidity", "visible": 1 },
            { "name": "非定位漏水", "key": "unlocatedLeakage", "visible": 1 },
            { "name": "定位漏水", "key": "locatingLeakage", "visible": 1 },
            { "name": "点式漏水", "key": "pointLeakage", "visible": 1 },
            { "name": "分体空调", "key": "fissionAirCondition", "visible": 1 },
            { "name": "精密空调", "key": "precisionAirCondition", "visible": 1 },
            { "name": "抽湿加湿", "key": "wet", "visible": 1 },
            { "name": "新风机", "key": "newVentilator", "visible": 1 },
            { "name": "灯光照明", "key": "light", "visible": 1 },
            { "name": "二氧化碳", "key": "carbonDioxide", "visible": 1 },
            { "name": "有毒气体", "key": "poisonousGas", "visible": 1 },
            { "name": "防雷", "key": "antiThunder", "visible": 1 },
            { "name": "粉尘", "key": "dust", "visible": 1 },
            { "name": "噪声", "key": "noise", "visible": 1 },
            { "name": "中央空调", "key": "centralAirCondition", "visible": 1 },
            { "name": "氧化还原电位计", "key": "potentionmeter", "visible": 1 },
            { "name": "冷藏库", "key": "PT100", "visible": 1 },
            { "name": "DS18B20", "key": "DS18B20", "visible": 1 },
            { "name": "气压强度", "key": "gasPressure", "visible": 1 },
            { "name": "光照强度", "key": "lighte", "visible": 1 },
            { "name": "贴片式温度", "key": "SMTtemperature", "visible": 1 },
            { "name": "光纤电缆测温", "key": "Fiber", "visible": 1 },
            { "name": "称重传感器", "key": "weight", "visible": 1 },
            { "name": "照度传感器", "key": "illumination", "visible": 1 },
            { "name": "剩余电流电气火灾", "key": "Surplus", "visible": 1 },
            { "name": "负20度以上冰柜", "key": "tempAbove20", "visible": 1 },
            { "name": "负20度以下冰柜", "key": "tempBelow20", "visible": 1 },
            { "name": "风速风向传感器", "key": "wind", "visible": 1 },
            { "name": "变压器温控器", "key": "transformer", "visible": 1 },
            { "name": "电缆贴片温度探头", "key": "patch", "visible": 1 },
            { "name": "风管温度传感器", "key": "windSense", "visible": 1 },
            { "name": "土壤水分温度", "key": "soilmoisture", "visible": 1 },
            { "name": "室外防水温湿度变送器", "key": "waterproof", "visible": 1 },
            { "name": "室外温度变送器", "key": "outdoor", "visible": 1 }
        ]
    },
    {
        "name": "动力监控",
        "key": "power",
        "visible": 1,
        "devices": [
            { "name": "电量仪", "key": "electricMeter", "visible": 1 },
            { "name": "配电监控", "key": "electricDistributor", "visible": 1 },
            { "name": "市电监控", "key": "electricSupply", "visible": 1 },
            { "name": "电池监控", "key": "battery", "visible": 1 },
            { "name": "UPS", "key": "UPS", "visible": 1 },
            { "name": "单体蓄电池", "key": "singleBattery", "visible": 1 },
            { "name": "16A开关", "key": "16AOnoffCOntroller", "visible": 1 },
            { "name": "发电机监控", "key": "generator", "visible": 1 }
        ]
    },
    {
        "name": "安防监控",
        "key": "security",
        "visible": 1,
        "devices": [
            { "name": "红外监控", "key": "infrared", "visible": 1 },
            { "name": "烟感监控", "key": "smoke", "visible": 1 },
            { "name": "消防监控", "key": "fire", "visible": 1 },
            { "name": "玻璃监控", "key": "glass", "visible": 1 },
            { "name": "门磁监控", "key": "door", "visible": 1 },
            { "name": "视频监控", "key": "video", "visible": 1 },
            { "name": "电缆监控", "key": "Cable", "visible": 1 },
            { "name": "电气火灾", "key": "Electrical", "visible": 1 }
        ]
    },
    {
        "name": "水质监控",
        "key": "water",
        "visible": 1,
        "devices": [
            { "name": "氨气", "key": "ammonia", "visible": 1 },
            { "name": "余氯", "key": "residualChlor", "visible": 1 },
            { "name": "浑浊度", "key": "turbidity", "visible": 1 },
            { "name": "水位", "key": "waterLevel", "visible": 1 },
            { "name": "溶氧仪", "key": "dissolvedOxygen", "visible": 1 },
            { "name": "水温", "key": "waterTemp", "visible": 1 },
            { "name": "水流量", "key": "waterFlow", "visible": 1 },
            { "name": "水压力", "key": "waterPressure", "visible": 1 },
            { "name": "污水流量", "key": "sewage", "visible": 1 },
            { "name": "酸碱仪", "key": "phmeter", "visible": 1 },
            { "name": "盐度", "key": "salinity", "visible": 1 },
            { "name": "硫化氢", "key": "hydrogenSulfide", "visible": 1 },
            { "name": "亚硝酸盐", "key": "nitrite", "visible": 1 },
            { "name": "氨氮", "key": "ammoniaNitrogen", "visible": 1 },
            { "name": "电导", "key": "conductance", "visible": 1 },
            { "name": "叶绿素", "key": "chlorophyll", "visible": 1 },
            { "name": "蓝藻素", "key": "cyanin", "visible": 1 },
            { "name": "总磷水质", "key": "totalLin", "visible": 1 },
            { "name": "Codcr分析", "key": "Codcr", "visible": 1 },
            { "name": "ORP变送器", "key": "Orptransm", "visible": 1 },
            { "name": "流通池", "key": "Circulator", "visible": 1 },
            { "name": "氧气变送器", "key": "oxygen", "visible": 1 },
            { "name": "尿素变送器", "key": "Urea", "visible": 1 }
        ]
    },
    {
        "name": "系统监控",
        "key": "system",
        "visible": 1,
        "devices": [
            { "name": "日志管理", "key": "journal", "visible": 1 },
            { "name": "设备管理", "key": "device", "visible": 1 },
            { "name": "用户管理", "auth": ["admin"], "key": "administrator", "visible": 1 },
            { "name": "资产管理", "key": "property", "visible": 1 },
            { "name": "服务器", "key": "server", "visible": 1 }
        ]
    }
]