[
    {
        "name":"环境监控",
        "key":"environment",
        "visible":1,
        "devices":[
            {"name":"温湿度","key":"temperatureAndHumidity","visible":1},
            {"name":"水流量","key":"waterFlow","visible":1},
            {"name":"风管温度传感器","key":"windSense","visible":1},
            {"name":"流量计","key":"waterFlow","visible":1},
            {"name":"水压力","key":"waterPressure","visible":1},
            {"name":"定位漏水","key":"locatingLeakage","visible":1},
            {"name":"二氧化碳","key":"carbonDioxide","visible":1}            
        ]
    },
    {
        "name":"系统监控",
        "key":"system",
        "visible":1,
        "devices":[
            {"name":"日志管理","key":"journal","visible":1},
            {"name":"设备管理","key":"device","visible":1},
            {"name":"用户管理","key":"administrator","visible":1},
            {"name":"资产管理","key":"property","visible":1},
            {"name":"服务器","key":"server","visible":1}
        ]
    }
]
