[
    {
        "name":"环境监控",
        "key":"environment",
        "visible":1,
        "devices":[
            {"name":"温湿度","key":"temperatureAndHumidity","visible":1},
            {"name":"非定位漏水","key":"unlocatedLeakage","visible":1},
            {"name":"定位漏水","key":"locatingLeakage","visible":1},
            {"name":"点式漏水","key":"pointLeakage","visible":1},
            {"name":"分体空调","key":"fissionAirCondition","visible":1},
            {"name":"精密空调","key":"precisionAirCondition","visible":1},
            {"name":"抽湿加湿","key":"wet","visible":1},
            {"name":"新风机","key":"newVentilator","visible":1},
            {"name":"灯光照明","key":"light","visible":1},
            {"name":"二氧化碳","key":"carbonDioxide","visible":1},
            {"name":"有毒气体","key":"poisonousGas","visible":1},
            {"name":"防雷","key":"antiThunder","visible":1},
            {"name":"粉尘","key":"dust","visible":1},
            {"name":"噪声","key":"noise","visible":1}
        ]
    },
    {
        "name":"动力监控",
        "key":"power",
        "visible":1,
        "devices":[
            {"name":"电量仪","key":"electricMeter","visible":1},
            {"name":"配电监控","key":"electricDistributor","visible":1},
            {"name":"市电监控","key":"electricSupply","visible":1},
            {"name":"电池监控","key":"battery","visible":1},
            {"name":"UPS","key":"UPS","visible":1}
        ]
    },
    {
        "name":"安防监控",
        "key":"security",
        "visible":1,
        "devices":[
            {"name":"红外监控","key":"infrared","visible":1},
            {"name":"烟感监控","key":"smoke","visible":1},
            {"name":"消防监控","key":"fire","visible":1},
            {"name":"玻璃监控","key":"glass","visible":1},
            {"name":"门磁监控","key":"door","visible":1},
            {"name":"视频监控","key":"video","visible":1}
        ]
    },
    {
        "name":"系统监控",
        "key":"system",
        "visible":1,
        "devices":[
            {"name":"日志管理","key":"journal","visible":1},
            {"name":"设备管理","key":"device","visible":1},
            {"name":"用户管理","key":"administrator","visible":1},
            {"name":"资产管理","key":"property","visible":1},
            {"name":"服务器","key":"server","visible":1}
        ]
    }
]
