[
    {
        "name":"环境监控",
        "key":"environment",
        "visible":1,
        "devices":[
            {"name":"室外防水温湿度变送器","key":"waterproof","visible":1}, 
            {"name":"温湿度","key":"temperatureAndHumidity","visible":1},
            {"name":"氨氮","key":"ammoniaNitrogen","visible":1},            
            {"name":"硫化氢","key":"hydrogenSulfide","visible":1},
            {"name":"有毒气体","key":"poisonousGas","visible":1},
            {"name":"二氧化碳","key":"carbonDioxide","visible":1},
            {"name":"气压强度","key":"gasPressure","visible":1},
            {"name":"照度传感器","key":"illumination","visible":1},
            {"name":"抽湿加湿","key":"wet","visible":1}
        ]
    },
    {
        "name":"系统监控",
        "key":"system",
        "visible":1,
        "devices":[
            {"name":"日志管理","key":"journal","visible":1},
            {"name":"设备管理","key":"device","visible":1},
            {"name":"用户管理","key":"administrator","visible":1},
            {"name":"资产管理","key":"property","visible":1},
            {"name":"服务器","key":"server","visible":1}
        ]
    }
]
