[
    {
        "name":"环境监控",
        "key":"environment",
        "visible":1,
        "devices":[
            {"name":"Codcr分析","key":"Codcr","visible":1},
            {"name":"氨氮","key":"ammoniaNitrogen","visible":1},
            {"name":"总磷水质","key":"totalLin","visible":1},
            {"name":"水流量","key":"waterFlow","visible":1},
            {"name":"污水流量","key":"sewage","visible":1},
            {"name":"酸碱仪","key":"phmeter","visible":1},
            {"name":"视频监控","key":"video","visible":1}            
        ]
    },
    {
        "name":"系统监控",
        "key":"system",
        "visible":1,
        "devices":[
            {"name":"日志管理","key":"journal","visible":1},
            {"name":"设备管理","key":"device","visible":1},
            {"name":"用户管理","key":"administrator","visible":1},
            {"name":"资产管理","key":"property","visible":1},
            {"name":"服务器","key":"server","visible":1}
        ]
    }
]
