[
    {
        "name":"智能物联网平台",
        "key":"all",
        "filename":"all.menu.json",
        "imgUrl":"all.png",
        "wellBackground":"background:linear-gradient(180deg,#e57be7,#a34ae0)",
		"visible":1
    },
    {
        "name":"漏水报警系统",
        "key":"leakage",
        "filename":"leakage.menu.json",
        "imgUrl":"leakage.png",
        "wellBackground":"background:linear-gradient(90deg,rgba(88,110,221,1),rgba(78,106,190,1))",
        "visible":1
    },
    {
        "name":"冷库系统",
        "key":"icebox",
        "filename":"icebox.menu.json",
        "imgUrl":"icebox.png",
        "wellBackground":"background:linear-gradient(90deg,rgba(161,106,229,1),rgba(150,83,215,1))",
		"visible":1
    },
    {
        "name":"机房系统",
        "key":"dynamicEnvironment",
        "filename":"dynamicEnvironment.menu.json",
        "imgUrl":"dynamicEnvironment.png",
        "wellBackground":"background:linear-gradient(-3deg,rgba(40,164,255,1),rgba(4,213,241,1))",
        "visible":1
    },
    {
        "name":"噪音粉尘系统",
        "key":"noiseDust",
        "filename":"noiseDust.menu.json",
        "imgUrl":"noiseDust.png",
        "wellBackground":"background:linear-gradient(180deg,rgba(255,140,185,1),rgba(255,97,160,1))",
        "visible":1
    },
    {
        "name":"水产养殖系统",
        "key":"aquaculture",
        "filename":"aquaculture.menu.json",
        "imgUrl":"aquaculture.png",
        "wellBackground":"background:linear-gradient(-3deg,rgba(137,209,221,1),rgba(45,186,203,1))",
        "visible":1
    },
    {
        "name":"电缆温度系统",
        "key":"cable",
        "filename":"cable.menu.json",
        "imgUrl":"cable.png",
        "wellBackground":"background:linear-gradient(0deg,rgba(253,171,223,1),rgba(251,200,230,1))",
        "visible":1
    },
    {
        "name":"畜牧养殖系统",
        "key":"husbandry",
        "filename":"husbandry.menu.json",
        "imgUrl":"husbandry.png",
        "wellBackground":"background:linear-gradient(0deg,rgba(121,146,255,1),rgba(64,99,229,1))",
        "visible":1
    },
    {
        "name":"污水监测系统",
        "key":"sewage",
        "filename":"sewage.menu.json",
        "imgUrl":"sewage.png",
        "wellBackground":"background:linear-gradient(0deg,rgba(241,195,98,1),rgba(243,166,55,1))",
        "visible":1
    },
    {
        "name":"农业大棚系统",
        "key":"agriculture",
        "filename":"agriculture.menu.json",
        "imgUrl":"agriculture.png",
        "wellBackground":"background:linear-gradient(180deg,rgba(154,223,27,1),rgba(133,212,71,1))",
        "visible":1
    },
    {
        "name":"蓄电池监测系统",
        "key":"battery",
        "filename":"battery.menu.json",
        "imgUrl":"battery.png",
        "wellBackground":"background:linear-gradient(180deg,rgba(24,181,224,1),rgba(40,151,220,1))",
        "visible":1
    },
    {
        "name":"泳池水质监控系统",
        "key":"waterQuality",
        "filename":"waterQuality.menu.json",
        "imgUrl":"waterQuality.png",
        "wellBackground":"background:linear-gradient(0deg,rgba(63,205,203,1),rgba(48,231,228,1))",
        "visible":1
    },
    {
        "name":"电器火灾监控系统",
        "key":"fire",
        "filename":"fire.menu.json",
        "imgUrl":"fire.png",
        "wellBackground":"background:linear-gradient(180deg,rgba(235,220,106,1),rgba(240,216,0,1))",
        "visible":1
    },
    {
        "name":"档案室管理系统",
        "key":"archivesRoom",
        "filename":"archivesRoom.menu.json",
        "imgUrl":"archivesRoom.png",
        "wellBackground":"background:linear-gradient(90deg,rgba(109,245,151,1),rgba(114,243,148,1),rgba(93,214,122,1))",
        "visible":1
    },
    {
        "name":"称重自动记录系统",
        "key":"weight",
        "filename":"weight.menu.json",
        "imgUrl":"weight.png",
        "wellBackground":"background:linear-gradient(180deg,rgba(89,227,151,1),rgba(39,210,176,1))",
        "visible":1
    },
    {
        "name":"空调远程监控系统",
        "key":"aircondition",
        "filename":"aircondition.menu.json",
        "imgUrl":"aircondition.png",
        "wellBackground":"background:linear-gradient(-3deg,rgba(45,225,254,1),rgba(58,191,255,1))",
        "visible":1
    },
    {
        "name":"智能照明系统",
        "key":"illumination",
        "filename":"illumination.menu.json",
        "imgUrl":"illumination.png",
        "wellBackground":"background:linear-gradient(90deg,rgba(255,220,2,1),rgba(253,219,5,1),rgba(255,174,0,1))",
        "visible":1
    },
    {
        "name":"电力远程遥测系统",
        "key":"electricity",
        "filename":"electricity.menu.json",
        "imgUrl":"electricity.png",
        "wellBackground":"background:linear-gradient(0deg,rgba(250,148,239,1),rgba(220,125,252,1))",
        "visible":1
    },
    {
        "name":"楼宇自控系统",
        "key":"building",
        "filename":"building.menu.json",
        "imgUrl":"building.png",
        "wellBackground":"background:linear-gradient(0deg,rgba(34,173,254,1),rgba(0,132,255,1))",
        "visible":1
    },
    {
        "name":"粮情检测系统",
        "key":"warehouse",
        "filename":"warehouse.menu.json",
        "imgUrl":"warehouse.png",
        "wellBackground":"background:linear-gradient(90deg,rgba(252,212,91,1),rgba(254,191,50,1))",
		"visible":1
    }
]
