[
    {
        "name":"水质监控",
        "key":"water",
        "visible":1,
        "devices":[          
            {"name":"温湿度传感器","key":"temperatureAndHumidity","visible":1},
            {"name":"PH带温度变送器","key":"phmeter","visible":1},
            {"name":"余氯变送器","key":"residualChlor","visible":1},
            {"name":"ORP变送器","key":"Orptransm","visible":1},
            {"name":"全景摄像机","key":"video","visible":1},
            {"name":"水浊度变送器","key":"turbidity","visible":1},
            {"name":"尿素变送器","key":"Urea","visible":1},
            {"name":"专用流通池","key":"Circulator","visible":1}
        ]
    },
    {
        "name":"系统监控",
        "key":"system",
        "visible":1,
        "devices":[
            {"name":"日志管理","key":"journal","visible":1},
            {"name":"设备管理","key":"device","visible":1},
            {"name":"用户管理","key":"administrator","visible":1},
            {"name":"资产管理","key":"property","visible":1},
            {"name":"服务器","key":"server","visible":1}
        ]
    }
]
